SET FOREIGN_KEY_CHECKS=0;
insert into role(id, title)
VALUES (1, 'USER'),
       (2, 'ADMIN');
insert into user(id, active, email, password, username, fk_basket_id, fk_role_id)
VALUES (1, true, 'user@gmail.com', 'user', 'user', 1, 1),
       (2, true, 'admin@gmail.com', 'admin', 'admin', 2, 2);
insert basket(id, fk_user_id)
VALUES (1, 1),
       (2, 2);
insert into author(id, name, surname, fk_image_id)
VALUES (1, 'Анджей', 'Сапковский', 1),
       (2, 'Стивен', 'Кинг', 2),
       (3, 'Джордж', 'Оруэлл', 3),
       (4, 'Эрнест', 'Хемингуэй', 4),
       (5, 'Джоан', 'Роулинг', 5),
       (6, 'Фёдор', 'Достоевский', 6),
       (7, 'Роберт', 'Кийосаки', 7);
insert into author_image (id, image)
VALUES (1, 'sapkowski.jpg'),
       (2, 'king.jpg'),
       (3, 'orwell.jpg'),
       (4, 'kheminguei.jpg'),
       (5, 'rouling.jpg'),
       (6, 'dostoevsky.jpg'),
       (7, 'kiyosaki.jpg');
insert into book(id, price, title_en, title_ru, fk_author_id, description, fk_image_id)
VALUES (1, 17.07, 'Season of storms', 'Сезон гроз', 1,
        '"Всегда, всегда будет существовать тьма. И всегда будет таящееся в темноте Зло, всегда будут во тьме клыки и когти, убийство и кровь. И всегда будут нужны ведьмаки. И крайне необходимо, чтобы они появлялись там, где в них нужда. Там, откуда доносятся крики о помощи. Там, откуда их зовут слабые. Чтобы они появились, призванные, с мечом в руке. С мечом, сверкание которого разобьет тьму, свет которого - разгонит мрак".',
        1),
       (2, 16.99, 'The road with no return', 'Дорога без возврата', 1,
        '"Дорога без возврата" - сборник малой прозы от Анджея Сапковского. В нем мы снова перенесемся в мир Геральта и Йеннифер, Лютика и Цири. Узнаем неожиданные подробности о приключениях Алисы в Стране чудес и по-новому взглянем на историю о бременских музыкантах. Страницы "Бестиария" познакомят нас с монстрами и волшебными существами - как знакомых Геральту, так и тех, с кем ему встретиться не довелось. А блистательное эссе "Вареник, или Нет золота в Серых горах" преподнесет несколько уроков начинающим писателям, увлеченным жанром фэнтези.',
        2),
       (3, 34.35, 'Sword of destiny', 'Меч Предназначения', 1,
        'Таинственные силы Предназначения связывают Геральта с принцессой Цириллой. Ведьмак, пытается убежать от своего Предназначения, но оно снова и снова настигает его. Воины императора, чьи земли лежат далеко на юге, устремляются на север и стирают с лица земли одно королевство за другим. Принцесса Цирилла, которую многие считают погибшей, теряется в потоке беженцев. Найти ее в этом аду может только Геральт.',
        3),
       (4, 26.72, 'It', 'Оно', 2,
        'В маленьком провинциальном городке Дерри много лет назад семерым подросткам пришлось столкнуться с кромешным ужасом - живым воплощением ада. Прошли годы... Подростки повзрослели, и ничто, казалось, не предвещало новой беды. Но кошмар прошлого вернулся, неведомая сила повлекла семерых друзей назад, в новую битву со Злом. Ибо в Дерри опять льется кровь и бесследно исчезают люди. Ибо вернулось порождение ночного кошмара, настолько невероятное, что даже не имеет имени...',
        4),
       (5, 23.13, 'The shining', 'Сияние', 2,
        'Культовый роман Стивена Кинга. Роман, который и сейчас, спустя тридцать с лишним лет после триумфального выхода в свет, читается так, словно был написан вчера. Книга, вновь и вновь издающаяся едва ли не на всех языках мира. Перед вами - одно из лучших произведений Мастера в новом переводе! Проходят годы, десятилетия, но потрясающая история писателя Джека Торранса, его сынишки Дэнни, наделенного необычным даром, и поединка с темными силами, обитающими в роскошном отеле "Оверлук", по-прежнему завораживает и держит в неослабевающем напряжении читателей самого разного возраста... Какое же бесстрашное воображение должно быть у писателя, создавшего подобную книгу!',
        5),
       (6, 30.67, 'The dark tower', 'Темная башня', 2,
        '"Темная башня" Цикл романов известнейшего на весь мир американского писателя Стивена Кинга, повествующий о странствиях и приключениях стрелка Роланда Дискейна. Он бродит по миру в поисках легендарной Темной башни, некоего средоточия сил, удерживающих не только мир стрелка, но и другие миры хаоса и разрушения.',
        6),
       (7, 11.60, '1984', '1984', 3,
        'Своеобразный антипод второй великой антиутопии XX века "О дивный новый мир" Олдоса Хаксли. Что, в сущности, страшнее: доведенное до абсурда "общество появления" или доведенное до абсолюта "общество идеи"? По Оруэллу, нет и не может быть ничего ужаснее тотальной несвободы...',
        7),
       (8, 11.22, 'Animal Farm', 'Скотный Двор', 3,
        'Притча, полная юмора и сарказма. Может ли скромная ферма стать символом тоталитарного общества? Конечно, да. Но... каким увидят это общество его "граждане" - животные, обреченные на бойню?',
        8),
       (9, 8.41, 'The old man and the sea', 'Старик и море', 4,
        '"Старик и море"... Эта повесть посвящена "трагическому стоицизму": перед жестокостью мира человек, даже проигрывая, должен сохранять мужество и достоинство. Изображение яростной схватки с чудовищной рыбой, а затем с пожирающими ее акулами удачно контрастирует с размышлениями о прошлом, об окружающем мире.',
        9),
       (10, 12.67, 'For whom the bell tolls', 'По ком звонит колокол', 4,
        '"По ком звонит колокол" - один из лучших романов Эрнеста Хемингуэя. Эта книга о гражданской войне в Испании. Эта книга о Войне, какая она есть на самом деле - грязная, кровавая, бесчеловечная... Эта книга о любви, мужестве, самопожертвовании, нравственном долге и выборе, ценности каждой человеческой жизни как части единого целого, ибо "никогда не посылай узнать по ком звонит колокол, он звонит и по тебе"...',
        10),
       (11, 24.21, 'Harry potter and the philosopher\'s stone', 'Гарри Поттер и философский камень', 5,
        'Одиннадцатилетний мальчик-сирота Гарри Поттер живет в семье своей тетки и даже не подозревает, что он - настоящий волшебник. Но однажды прилетает сова с письмом для него, и жизнь Гарри Поттера изменяется навсегда. Он узнает, что зачислен в Школу Чародейства и Волшебства, выясняет правду о загадочной смерти своих родителей, а в результате ему удается раскрыть секрет философского камня.',
        11),
       (12, 24.21, 'Harry potter and the chamber of secrets', 'Гарри Поттер и Тайная комната', 5,
        'На втором году обучения в школе волшебников Гарри Поттер откроет в себе связь с Темным Лордом, проникнет вместе с друзьями в скрытые доселе места Хогвартса, а также узнает, почему читать чужие дневники может быть опасно.',
        12),
       (13, 33.35, 'Harry potter and the order of the phoenix', 'Гарри Поттер и Орден Феникса', 5,
        'Книга, покорившая мир, эталон литературы для читателей всех возрастов, синоним успеха. Книга, сделавшая Дж.К. Роулинг самым читаемым писателем современности. Книга, ставшая культовой уже для нескольких поколений. “Гарри Поттер и Орден Феникса” – история продолжается. Для среднего школьного возраста.',
        13),
       (14, 9.40, 'Crime and punishment', 'Преступление и наказание', 6,
        'Одно из "краеугольных" произведений русской и мировой литературы, включенный во все школьные и университетские программы, неоднократно экранизированный роман Достоевского "Преступление и наказание" ставит перед читателем важнейшие нравственно-мировоззренческие вопросы - о вере, совести, грехе и об искуплении через страдание. Опровержение преступной "идеи-страсти", "безобразной мечты", завладевшей умом Родиона Раскольникова в самом "умышленном" и "фантастическом" городе на свете, составляет основное содержание этой сложнейшей, соединившей в себе несколько различных жанров книги. Задуманный как "психологический отчет одного преступления", роман Достоевского предстал перед читателем грандиозным художественно-философским исследованием человеческой природы, христианской трагедией о смерти и воскресении души.',
        14),
       (15, 9.44, 'The idiot', 'Идиот', 6,
        '"Главная идея... - писал Ф. М. Достоевский о своем романе "Идиот", - изобразить положительно-прекрасного человека. Труднее этого нет ничего на свете..." Не для того ли писатель явил миру "князя-Христа", чтобы мы не забывали: "Страдание есть главнейший и, может быть, единственный закон бытия всего человечества". Каждое новое поколение по-своему воспринимает классику и пытается дать собственные ответы на вечные вопросы бытия. Об этом свидетельствуют и известные экранизации романа, его сценические версии. В России запоминающиеся образы князя Мышкина создали Ю. Яковлев, И. Смоктуновский, Е. Миронов.',
        15),
       (16, 27.21, 'Rich Dad Poor Dad', 'Богатый папа, бедный папа', 7,
        'К 20-летию финансового бестселлера всех времен Роберт Кийосаки порадовал читателей новым изданием ставшей уже культовой книги - с изменениями и дополнениями для сегодняшнего мира, сегодняшних рыночных условий и 9 новыми разделами. К сожалению, за последних 20 лет в сфере образования мало что поменялось - в школе наши дети до сих пор не получают никаких финансовых знаний и потом всю жизнь работают ради денег, вместо того чтобы заставить деньги работать на себя. Научите детей обращаться с деньгами раньше, чем они столкнутся с материальными трудностями в нашем нестабильном мире!',
        16);
insert into book_image(id, image)
VALUES (1, 'SeasonOfStorms.jpg'),
       (2, 'TheRoadWithNoReturn.jpg'),
       (3, 'SwordOfDestiny.jpg'),
       (4, 'It.jpg'),
       (5, 'TheShining.jpg'),
       (6, 'TheDarkTower.jpg'),
       (7, '1984.jpg'),
       (8, 'AnimalFarm.jpg'),
       (9, 'TheOldManAndTheSea.jpg'),
       (10, 'ForWhomTheBellTolls.jpg'),
       (11, 'HarryPotterAndThePhilosophersStone.jpg'),
       (12, 'HarryPotterAndTheChamberOfSecrets.jpg'),
       (13, 'HarryPotterAndTheOrderOfThePhoenix.jpg'),
       (14, 'CrimeAndPunishment.jpg'),
       (15, 'TheIdiot.jpg'),
       (16, 'RichDadPoorDad.jpg');
insert into category(id, title_en, title_ru)
VALUES (1, 'Fantasy', 'Фэнтез'),
       (2, 'Horror', 'Ужасы'),
       (3, 'Mystic', 'Мистика'),
       (4, 'Utopia', 'Утопия'),
       (5, 'Satire', 'Сатира'),
       (6, 'Fiction', 'Художественная проза'),
       (7, 'Military prose', 'Военная проза'),
       (8, 'Novel', 'Роман'),
       (9, 'Philosophical novel', 'Философский роман'),
       (10, 'Business', 'Бизнес'),
       (11,'Political science fiction','Политическая фантастика');
insert into book_with_category(book_id, category_id)
VALUES (1,1),
       (2,1),
       (3,1),
       (4,2),
       (4,3),
       (5,2),
       (5,3),
       (6,2),
       (6,3),
       (7,4),
       (7,11),
       (8,5),
       (9,6),
       (10,7),
       (11,1),
       (11,8),
       (12,1),
       (12,8),
       (13,1),
       (13,8),
       (14,9),
       (15,9),
       (16,10);
SET FOREIGN_KEY_CHECKS=1;
